metric,value
count,297062.0
mean,22.6666099032014
std,105.3219211744307
min,0.0
50%,2.8594618055555556
75%,7.0
90%,28.0
95%,70.8385711805557
99%,511.0
max,3384.2327662037037
